gangamohan gangamohan_m01 gangamohan_m02 gangamohan_m03 gangamohan_m04 gangamohan_m05 gangamohan_m06 gangamohan_m07 gangamohan_m08 gangamohan_m09 gangamohan_m10
hari hari_h01 hari_h02 hari_h03 hari_h04 hari_h05 hari_h06 hari_h07 hari_h08 hari_h09 hari_h10
knrk knrk_k01 knrk_k02 knrk_k03 knrk_k04 knrk_k05 knrk_k06 knrk_k07 knrk_k08 knrk_k09 knrk_k10
malavika malavika_a01 malavika_a02 malavika_a03 malavika_a04 malavika_a05 malavika_a06 malavika_a07 malavika_a08 malavika_a09 malavika_a10
mounika mounika_b01 mounika_b02 mounika_b03 mounika_b04 mounika_b05 mounika_b06 mounika_b07 mounika_b08 mounika_b09 mounika_b10
ramakrishna ramakrishna_t01 ramakrishna_t02 ramakrishna_t03 ramakrishna_t04 ramakrishna_t05 ramakrishna_t06 ramakrishna_t07 ramakrishna_t08 ramakrishna_t09 ramakrishna_t10
rambabu rambabu_r01 rambabu_r02 rambabu_r03 rambabu_r04 rambabu_r05 rambabu_r06 rambabu_r07 rambabu_r08 rambabu_r09 rambabu_r10
samyukta samyukta_s01 samyukta_s02 samyukta_s03 samyukta_s04 samyukta_s05 samyukta_s06 samyukta_s07 samyukta_s08 samyukta_s09 samyukta_s10
shivanand shivanand_c01 shivanand_c02 shivanand_c03 shivanand_c04 shivanand_c05 shivanand_c06 shivanand_c07 shivanand_c08 shivanand_c09 shivanand_c10
sonali sonali_d01 sonali_d02 sonali_d03 sonali_d04 sonali_d05 sonali_d06 sonali_d07 sonali_d08 sonali_d09 sonali_d10
